{
    "$schema": "http://json-schema.org/draft-04/schema#",
    "id": "http://www.qiskit.org/schemas/qobj_schema.json",
    "description": "OpenQuantum quantum object data structure for running experiments",
    "version": "1.0.0",
    "definitions": {
        "bfunc": {
            "properties": {
                "mask": {
                    "type": "string"
                },
                "memory": {
                    "minimum": 0,
                    "type": "integer"
                },
                "name": {
                    "enum": [
                        "bfunc"
                    ]
                },
                "register": {
                    "minimum": 0,
                    "type": "integer"
                },
                "relation": {
                    "type": "string"
                },
                "val": {
                    "type": "string"
                }
            },
            "required": [
                "mask",
                "relation",
                "val"
            ],
            "type": "object"
        },
        "complex": {
            "description": "JSON representation of a complex number",
            "items": {
                "type": "number"
            },
            "maxItems": 2,
            "minItems": 2,
            "type": "array"
        },
        "complex_array": {
            "description": "JSON representation of a complex vector",
            "items": {
                "$ref": "#/definitions/complex"
            },
            "minItems": 1,
            "type": "array"
        },
        "complex_matrix": {
            "description": "JSON representaiton of a complex matrix",
            "items": {
                "$ref": "#/definitions/complex_array"
            },
            "minItems": 1,
            "type": "array"
        },
        "copy": {
            "properties": {
                "name": {
                    "enum": [
                        "copy"
                    ]
                },
                "register_copy": {
                    "items": {
                        "minimum": 0,
                        "type": "integer"
                    },
                    "minItems": 1,
                    "type": "array"
                },
                "register_orig": {
                    "minimum": 0,
                    "type": "integer"
                }
            },
            "required": [
                "register_orig",
                "register_copy"
            ],
            "type": "object"
        },
        "openpulse_instructions": {
            "oneOf": [
                {
                    "properties": {
                        "name": {
                            "not": {
                                "enum": [
                                    "pv",
                                    "fc",
                                    "acquire"
                                ]
                            }
                        }
                    },
                    "required": [
                        "t0",
                        "ch"
                    ],
                    "title": "Standard pulse"
                },
                {
                    "properties": {
                        "name": {
                            "enum": [
                                "pv"
                            ]
                        },
                        "val": {
                            "items": {
                                "type": "number"
                            },
                            "maxItems": 2,
                            "minItems": 2,
                            "type": "array"
                        }
                    },
                    "required": [
                        "val",
                        "t0",
                        "ch"
                    ],
                    "title": "Persistent value pulse"
                },
                {
                    "properties": {
                        "name": {
                            "enum": [
                                "fc"
                            ]
                        },
                        "phase": {
                            "type": "number"
                        }
                    },
                    "required": [
                        "phase",
                        "t0",
                        "ch"
                    ],
                    "title": "Frame change pulse"
                },
                {
                    "properties": {
                        "discriminators": {
                            "type": "array"
                        },
                        "duration": {
                            "type": "number"
                        },
                        "kernels": {
                            "type": "array"
                        },
                        "memory_slot": {
                            "items": {
                                "minimum": 0,
                                "type": "integer"
                            },
                            "minItems": 1,
                            "type": "array"
                        },
                        "name": {
                            "enum": [
                                "acquire"
                            ]
                        },
                        "qubits": {
                            "items": {
                                "minimum": 0,
                                "type": "integer"
                            },
                            "minItems": 1,
                            "type": "array"
                        },
                        "register_slot": {
                            "items": {
                                "minimum": 0,
                                "type": "integer"
                            },
                            "minItems": 1,
                            "type": "array"
                        }
                    },
                    "required": [
                        "t0",
                        "duration",
                        "qubits",
                        "memory_slot"
                    ],
                    "title": "Acquisition"
                },
                {
                    "properties": {
                        "label": {
                            "type": "string"
                        },
                        "name": {
                            "enum": [
                                "snapshot"
                            ]
                        },
                        "type": {
                            "type": "string"
                        }
                    },
                    "required": [
                        "t0",
                        "label",
                        "type"
                    ],
                    "title": "snapshot"
                },
                {
                    "$ref": "#/definitions/bfunc"
                },
                {
                    "$ref": "#/definitions/copy"
                }
            ],
            "properties": {
                "ch": {
                    "type": "string"
                },
                "conditional": {
                    "minimum": 0,
                    "type": "integer"
                },
                "name": {
                    "type": "string"
                },
                "params": {
                    "type": "array"
                },
                "t0": {
                    "minimum": 0,
                    "type": "integer"
                }
            },
            "required": [
                "name"
            ],
            "type": "object"
        },
        "openqasm_instructions": {
            "oneOf": [
                { 
                    "properties": {
                        "name": {"not": {
                            "enum": ["u3", "U", "id", "h", "s", "sdg", "t", "tdg", "x", "y", "z", 
                            "u1", "u0", "rx", "ry", "rz", "u2", "cx", "CX", "cy", "cz", "ch", 
                            "swap", "cu1", "crz", "rzz", "cu3", "ccx", "cswap", "snapshot", 
                            "reset", "barrier", "bfunc", "copy", "measure"]
                            },
                            "type": "string"                            
                            }
                    }
                },
                {
                    "properties": {
                        "memory": {
                            "maxItems": 0
                        },
                        "name": {
                            "enum": [
                                "u3",
                                "U"
                            ]
                        },
                        "params": {
                            "maxItems": 3,
                            "minItems": 3
                        },
                        "qubits": {
                            "maxItems": 1
                        },
                        "register": {
                            "maxItems": 0
                        },
                        "texparams": {
                            "maxItems": 3,
                            "minItems": 3
                        }
                    },
                    "required": [
                        "qubits",
                        "params"
                    ],
                    "title": "3-param 1Q gate"
                },
                {
                    "properties": {
                        "memory": {
                            "maxItems": 0
                        },
                        "name": {
                            "enum": [
                                "reset",
                                "id",
                                "h",
                                "s",
                                "sdg",
                                "t",
                                "tdg",
                                "x",
                                "y",
                                "z"
                            ]
                        },
                        "params": {
                            "maxItems": 0
                        },
                        "qubits": {
                            "maxItems": 1,
                            "minItems": 1
                        },
                        "register": {
                            "maxItems": 0
                        },
                        "texparams": {
                            "maxItems": 0
                        }
                    },
                    "required": [
                        "qubits"
                    ],
                    "title": "fixed 1Q gate/operation"
                },
                {
                    "properties": {
                        "memory": {
                            "maxItems": 0
                        },
                        "name": {
                            "enum": [
                                "u1",
                                "u0",
                                "rx",
                                "ry",
                                "rz"
                            ]
                        },
                        "params": {
                            "maxItems": 1,
                            "minItems": 1
                        },
                        "qubits": {
                            "maxItems": 1,
                            "minItems": 1
                        },
                        "register": {
                            "maxItems": 0
                        },
                        "texparams": {
                            "maxItems": 1,
                            "minItems": 1
                        }
                    },
                    "required": [
                        "qubits",
                        "params"
                    ],
                    "title": "1-param 1Q gate"
                },
                {
                    "properties": {
                        "memory": {
                            "maxItems": 0
                        },
                        "name": {
                            "enum": [
                                "u2"
                            ]
                        },
                        "params": {
                            "maxItems": 2,
                            "minItems": 2
                        },
                        "qubits": {
                            "maxItems": 1,
                            "minItems": 1
                        },
                        "register": {
                            "maxItems": 0
                        },
                        "texparams": {
                            "maxItems": 2,
                            "minItems": 2
                        }
                    },
                    "required": [
                        "qubits",
                        "params"
                    ],
                    "title": "2-param 1Q gate"
                },
                {
                    "properties": {
                        "memory": {
                            "maxItems": 0
                        },
                        "name": {
                            "enum": [
                                "cx",
                                "CX",
                                "cy",
                                "cz",
                                "ch",
                                "swap"
                            ]
                        },
                        "params": {
                            "maxItems": 0
                        },
                        "qubits": {
                            "description": "[control, target]",
                            "maxItems": 2,
                            "minItems": 2
                        },
                        "register": {
                            "maxItems": 0
                        },
                        "texparams": {
                            "maxItems": 0
                        }
                    },
                    "required": [
                        "qubits"
                    ],
                    "title": "fixed 2Q gate"
                },
                {
                    "properties": {
                        "memory": {
                            "maxItems": 0
                        },
                        "name": {
                            "enum": [
                                "cu1",
                                "crz",
                                "rzz"
                            ]
                        },
                        "params": {
                            "maxItems": 1,
                            "minItems": 1
                        },
                        "qubits": {
                            "description": "[control, target]",
                            "maxItems": 2,
                            "minItems": 2
                        },
                        "register": {
                            "maxItems": 0
                        },
                        "texparams": {
                            "maxItems": 1,
                            "minItems": 1
                        }
                    },
                    "required": [
                        "qubits",
                        "params"
                    ],
                    "title": "1-param 2Q gate"
                },
                {
                    "properties": {
                        "memory": {
                            "maxItems": 0
                        },
                        "name": {
                            "enum": [
                                "cu3"
                            ]
                        },
                        "params": {
                            "maxItems": 3,
                            "minItems": 3
                        },
                        "qubits": {
                            "description": "[control, target]",
                            "maxItems": 2,
                            "minItems": 2
                        },
                        "register": {
                            "maxItems": 0
                        },
                        "texparams": {
                            "maxItems": 3,
                            "minItems": 3
                        }
                    },
                    "required": [
                        "qubits",
                        "params"
                    ],
                    "title": "3-param 2Q controlled gate"
                },
                {
                    "properties": {
                        "memory": {
                            "maxItems": 0
                        },
                        "name": {
                            "enum": [
                                "ccx",
                                "cswap"
                            ]
                        },
                        "params": {
                            "maxItems": 0
                        },
                        "qubits": {
                            "description": "[control, control, target]",
                            "maxItems": 3,
                            "minItems": 3
                        },
                        "register": {
                            "maxItems": 0
                        },
                        "texparams": {
                            "maxItems": 0
                        }
                    },
                    "required": [
                        "qubits"
                    ],
                    "title": "fixed 3Q gate"
                },
                {
                    "properties": {
                        "memory": {
                            "minItems": 1
                        },
                        "name": {
                            "enum": [
                                "measure"
                            ]
                        },
                        "params": {
                            "maxItems": 0
                        },
                        "qubits": {
                            "minItems": 1
                        },
                        "register": {
                            "minItems": 1
                        },
                        "texparams": {
                            "maxItems": 0
                        }
                    },
                    "required": [
                        "qubits",
                        "memory"
                    ],
                    "title": "measurement"
                },
                {
                    "properties": {
                        "memory": {
                            "maxItems": 0
                        },
                        "name": {
                            "enum": [
                                "barrier"
                            ]
                        },
                        "params": {
                            "maxItems": 0
                        },
                        "qubits": {
                            "minItems": 1
                        },
                        "register": {
                            "maxItems": 0
                        },
                        "texparams": {
                            "maxItems": 0
                        }
                    },
                    "required": [
                        "qubits"
                    ],
                    "title": "barrier"
                },
                {
                    "properties": {
                        "label": {
                            "type": "string"
                        },
                        "memory": {
                            "maxItems": 0
                        },
                        "name": {
                            "enum": [
                                "snapshot"
                            ]
                        },
                        "register": {
                            "maxItems": 0
                        },
                        "texparams": {
                            "maxItems": 0
                        },
                        "type": {
                            "type": "string"
                        }
                    },
                    "required": [
                        "label",
                        "type"
                    ],
                    "title": "snapshot"
                },
                {
                    "$ref": "#/definitions/bfunc"
                },
                {
                    "$ref": "#/definitions/copy"
                }
            ],
            "properties": {
                "conditional": {
                    "oneOf": [
                        {
                            "minimum": 0,
                            "type": "integer"
                        },
                        {
                            "type": "object"
                        }
                    ]

                },
                "memory": {
                    "type": "array"
                },
                "name": {
                    "type": "string"
                },
                "params": {
                    "type": "array"
                },
                "qubits": {
                    "type": "array"
                },
                "register": {
                    "type": "array"
                }
            },
            "required": [
                "name"
            ],
            "type": "object"
        },
        "pulse": {
            "properties": {
                "name": {
                    "description": "Pulse name",
                    "type": "string"
                },
                "samples": {
                    "$ref": "#/definitions/complex_array"
                }
            },
            "required": [
                "name",
                "samples"
            ],
            "type": "object"
        },
        "pulse_library": {
            "description": "Pulse library for the backend to use",
            "items": {
                "$ref": "#/definitions/pulse"
            },
            "type": "array"
        },
        "qobjexp": {
            "description": "Quantum experiment",
            "properties": {
                "config": {
                    "description": "Configuration options that apply to specific experiments in this qobj. Overwrites qobj level configuration.",
                    "properties": {},
                    "title": "Experiment level configuration",
                    "type": "object"
                },
                "header": {
                    "description": "Experiment metadata that does not affect how the experiment is run on the backend. Carried through to the result.",
                    "properties": {
                        "name": {
                            "description": "Experiment name.",
                            "type": "string"
                        },
                        "n_qubits": {
                            "description": "Number of backend qubits for converting back to OpenQasm registers",
                            "type": "number"
                        },
                        "memory_slots": {
                            "description": "Number of backend memory slots",
                            "type": "number"
                        },
                        "clbit_labels": {
                            "description": "A list of length memory_slots (from backend.configuration or in this header), where each element is either [creg_name, n] to identify the corresponding memory slot as the n-th element of creg creg_name, or null to identify that the corresponding memory slot has no corresponding creg",
                            "items": [
                                {
                                    "items": [
                                        {
                                            "minLength": 1,
                                            "title": "clreg",
                                            "type": "string"
                                        },
                                        {
                                            "description": "The register slot of the clreg",
                                            "minimum": 0,
                                            "title": "size",
                                            "type": "integer"
                                        }
                                    ],
                                    "maxItems": 2,
                                    "minItems": 2,
                                    "type": [
                                        "array",
                                        "null"
                                    ]
                                }
                            ],
                            "minItems": 0,
                            "title": "Map physical clbits to register_slots (for QASM)",
                            "type": "array"
                        },
                        "qubit_labels": {
                            "description": "A list of length n_qubits (from backend.configuration or in this header), where each element is either [qreg_name, n] to identify the corresponding physical qubit as the n-th qubit of qreg qreg_name, or null to identify that the corresponding physical qubit has no corresponding qreg",
                            "items": {
                                "items": [
                                    {
                                        "minLength": 1,
                                        "title": "qreg",
                                        "type": "string"
                                    },
                                    {
                                        "description": "The qubit number within the qreg",
                                        "minimum": 0,
                                        "title": "qubit number",
                                        "type": "integer"
                                    }
                                ],
                                "maxItems": 2,
                                "minItems": 2,
                                "type": [
                                    "array",
                                    "null"
                                ]
                            },
                            "minItems": 0,
                            "title": "Map physical qubits to qregs (for QASM)",
                            "type": "array"
                        }
                    },
                    "type": "object"
                },
                "instructions": {
                    "description": "List of experiment instructions.",
                    "minItems": 1,
                    "type": "array"
                }
            },
            "required": [
                "instructions"
            ],
            "type": "object"
        },
        "qobjinstructions": {
            "properties": {
                "instructions": {
                    "items": {
                        "$ref": "#/definitions/openpulse_instructions"
                    }
                }
            }
        },
        "qobj_qasm": {
            "properties": {
                "config": {
                    "description": "Configuration options that apply to all experiments in this qobj. For options that may be set on a per-experiment basis, these are the defaults.",
                    "properties": {
                        "max_credits": {
                            "default": 3,
                            "type": "integer"
                        },
                        "memory_slots": {
                            "description": "The number of measurement slots in the classical memory on the backend.",
                            "minimum": 0,
                            "type": "integer"
                        },
                        "seed": {
                            "default": 1,
                            "type": "integer"
                        },
                        "shots": {
                            "description": "Number of repetitions of each experiment",
                            "minimum": 1,
                            "type": "integer"
                        }
                    },
                    "required": [
                        "shots",
                        "memory_slots"
                    ],
                    "title": "Qobj-level configuration",
                    "type": "object"
                },
                "experiments": {
                    "description": "List of experiments to run",
                    "minItems": 1,
                    "type": "array"
                },
                "header": {
                    "description": "QObj metadata that does not affect how the experiments are run on the backend. Carried through to the result.",
                    "properties": {
                        "backend_name": {
                            "description": "The backend this set of experiments was generated for. It may also be able to execute on other backends.",
                            "type": "string"
                        },
                        "backend_version": {
                            "description": "The backend version this set of experiments was generated for. ",
                            "type": "string"
                        }
                    },
                    "type": "object"
                },
                "qobj_id": {
                    "description": "User generated qobj ID",
                    "type": "string"
                },
                "schema_version": {
                    "description": "Schema version used to compile the qobj",
                    "type": "string"
                },
                "type": {
                    "description": "Type of instruction set used for the experiment, QASM or PULSE",
                    "enum": [
                        "QASM",
                        "PULSE"
                    ],
                    "type": "string"
                }
            },
            "required": [
                "qobj_id",
                "schema_version",
                "type",
                "experiments",
                "config",
                "header"
            ],
            "type": "object"
        },
        "qobj_openpulse": {
            "properties": {
                "config": {
                    "properties": {
                        "meas_level": {
                            "enum": [
                                0,
                                1,
                                2
                            ]
                        },
                        "meas_lo_freq": {
                            "description": "Measurement LO frequencies",
                            "items": {
                                "minimum": 0,
                                "type": "number"
                            },
                            "minItems": 1,
                            "type": "array"
                        },
                        "meas_return": {
                            "description": "Return each shot of data or average over the shots",
                            "enum": [
                                "single",
                                "avg"
                            ]
                        },
                        "memory_slot_size": {
                            "default": 1,
                            "description": "Size of each memory slot. For measurement level 0 (raw) this sets the length of each measurement acquisition",
                            "minimum": 0,
                            "type": "integer"
                        },
                        "pulse_library": {
                            "$ref": "#/definitions/pulse_library"
                        },
                        "qubit_lo_freq": {
                            "description": "Qubit drive LO frequencies",
                            "items": {
                                "minimum": 0,
                                "type": "number"
                            },
                            "minItems": 1,
                            "type": "array"
                        },
                        "rep_time": {
                            "minimum": 1,
                            "type": "integer"
                        }
                    },
                    "required": [
                        "meas_level",
                        "pulse_library",
                        "memory_slot_size",
                        "meas_return",
                        "qubit_lo_freq",
                        "meas_lo_freq",
                        "rep_time"
                    ]
                },
                "experiments": {
                    "items": {
                        "allOf": [
                            {
                                "$ref": "#/definitions/qobjexp"
                            },
                            {
                                "$ref": "#/definitions/qobjinstructions"
                            }
                        ]
                    },
                    "type": "array"
                },
                "type": {
                    "enum": [
                        "PULSE"
                    ]
                }
            }
        }
    },
    "oneOf": [
        {
            "allOf": [
                {
                    "$ref": "#/definitions/qobj_qasm"
                },
                {
                    "properties": {
                        "experiments": {
                            "items": {
                                "allOf": [
                                    {
                                        "$ref": "#/definitions/qobjexp"
                                    },
                                    {
                                        "properties": {
                                            "instructions": {
                                                "items": {
                                                    "$ref": "#definitions/openqasm_instructions"
                                                }
                                            }
                                        }
                                    }
                                ]
                            }
                        },
                        "type": {
                            "enum": [
                                "QASM"
                            ]
                        }
                    }
                }
            ]
        },
        {
            "allOf": [
                {
                    "$ref": "#/definitions/qobj_qasm"
                },
                {
                    "$ref": "#/definitions/qobj_openpulse"
                }
            ]
        }
    ]
}
