{
  "type": "QASM",
  "id": "S4cmORrEe5OtQXwecLQSCLmDpw13NC",
  "config": {
      "backend": "ibmqx4",
      "max_credits": 3,
      "shots": 1024
  },
  "experiments": [
    {
      "name": "test",
      "config": {
          "shots": 2048
      },
      "header": {
          "number_of_qubits": 5,
          "qubit_labels": [["qr",0], ["qr",1], ["qr",2],["qr",3],["qr",4]],
          "number_of_clbits": 5,
          "clbit_labels": [["cr",5]]
      },
      "instructions": [
          {
              "name": "u2",
              "params": [0.0, 3.141592653589793],
              "texparams": ["0","\\pi"],
              "qubits": [1]
          },
          {
              "name": "measure",
              "qubits": [1],
              "clbits": [1]
          }
      ]
    }
  ]
}
