{
    "backend_name": "quantumbackend1",
    "sample_name": "sample1",
    "backend_version": "1.1.1",
    "n_qubits": 3,
    "basis_gates": ["u1","u2","u3","cx"],
    "coupling_map": [[0,1,2]],
    "gates": [
        {"name": "u1",
         "parameters": ["lambda"],
         "coupling_map": [[0],[1],[2]],
         "qasm_def": "gate u1(lambda) q { U(0,0,lambda) q; }",
         "latency_map": [[1,1],[1,1],[0,1]]},
        {"name": "u2",
         "parameters": ["phi","lambda"],
         "coupling_map": [[0],[1],[2]],
         "qasm_def": "gate u2(phi,lambda) q { U(pi/2,phi,lambda) q; }",
         "latency_map": [[1,1],[1,1],[0,1]]},
        {"name": "u3",
         "parameters": ["theta","phi","lambda"],
         "coupling_map": [[0],[1],[2]],
         "qasm_def": "u3(theta,phi,lambda) q { U(theta,phi,lambda) q; }",
         "latency_map": [[1,1],[1,1],[0,1]]},
        {"name": "cx",
         "parameters": [],
         "coupling_map": [[0,1],[1,2]],
         "qasm_def": "gate cx q1,q2 { CX q1,q2; }",
         "latency_map": [[1,1],[0,1]]}
         ],
    "local": false,
    "simulator": false,
    "conditional": true,
    "n_registers": 2,
    "register_map": [[1,1],[1,1],[0,1]],
    "open_pulse": true,
    "tags": ["credits_required","readable_hamiltonian","all_meas"],
    "n_uchannels": 2,
    "hamiltonian": {
        "h_latex": "H = \\sum_{i}^{N} D_i(t) \\sigma_i^{X} +\\sum_{i}^{N} 2\\pi \\nu_i \\sigma_i^{+}\\sigma_i^{-}",
        "h_str": ["__SUM[i,0,N,_X{i}_||_D{i}_]","__SUM[i,0,N,2*pi*_v{i}_*_O{i}_]"],
        "vars": {},
        "osc": {}
        },
    "u_channel_lo": [[{"q": 0, "scale": [0,1]}],[{"q": 1, "scale": [1.0,0]}, {"q": 2, "scale": [-1.0,0]}]],
    "meas_levels": [0,1,2],
    "qubit_lo_range": [[5,6],[5,6],[5,6]],
    "meas_lo_range": [[6.5,7.5],[6.5,7.5],[6.5,7.5]],
    "dt": 1,
    "dtm": 10,
    "rep_times": [1000,100,50],
    "meas_map": [[0],[1],[2]],
    "channel_bandwidth": [[-0.5,0.5],[-0.5,0.5],[-0.5,0.5],[-0.1,0.1],[-0.1,0.1],[-0.1,0.1],[-0.2,0.2],[-0.1,0.3]],
    "meas_kernels": ["kern1","kern2"],
    "discriminators": ["disc1","dis2"],
    "acquisition_latency": [[100,120],[90,150],[500,100]],
    "conditional_latency": [[200,200],[190,160],[500,100],[200,200],[190,160],[200,200],[190,160],[500,100]]
}
