{
    "backend_name": "quantumsimbackend1",
    "backend_version": "1.1.1",
    "n_qubits": -1,
    "basis_gates": ["u1","u2","u3","cx"],
    "gates": [
        {"name": "u1",
         "parameters": ["lambda"],
         "qasm_def": "gate u1(lambda) q { U(0,0,lambda) q; }"},
        {"name": "u2",
         "parameters": ["phi","lambda"],
         "qasm_def": "gate u2(phi,lambda) q { U(pi/2,phi,lambda) q; }"},
        {"name": "u3",
         "parameters": ["theta","phi","lambda"],
         "qasm_def": "u3(theta,phi,lambda) q { U(theta,phi,lambda) q; }"},
        {"name": "cx",
         "parameters": [],
         "qasm_def": "gate cx q1,q2 { CX q1,q2; }"}
         ],
    "local": true,
    "simulator": true,
    "conditional": true,
    "open_pulse": false
}
