{
    "qobj_id": "exp123_072018_op",
    "schema_version": "1.0.0",
    "type": "PULSE",
    "header": {
        "description": "Set of Experiments 1",
        "backend_name": "pulse_simulator2",
        "description": "Sample pulse experiment"
        },
    "config": {
        "shots": 1024,
        "memory_slots": 3,
        "meas_return": "avg",
        "meas_level": 2,
        "memory_slot_size": 1,
        "rep_time": 1000,
        "qubit_lo_freq": [5.2,5.15,5.05],
        "meas_lo_freq": [6.9,6.8,6.7],
        "pulse_library": [
            {"name": "pulse1", "samples": [[0,0],[0,0],[0,0]]},
            {"name": "pulse2", "samples": [[0,0],[0,0],[0,0]]},
            {"name": "pulse3", "samples": [[0,0],[0,0],[0,0]]}
            ]
        },
    "experiments": [
        {
        "header": {},
        "config": {"shots": 512},
        "instructions": [
            {"name": "pulse1", "ch": "d0", "t0": 0},
            {"name": "pv", "ch": "d0", "t0": 0, "val": [1,2]},
            {"name": "fc", "ch": "u0", "t0": 10, "phase": -0.1},
            {"name": "acquire", "t0": 10, "duration": 90, "qubits": [0,1,2], "register_slot": [0,1,2], "memory_slot": [0,1,2]},
            {"name": "copy", "register_orig": 1, "register_copy": [3,4]},
            {"name": "bfunc", "mask": "0xE", "relation": "==", "val": "0xA", "register": 3, "memory": 3},
            {"name": "pulse1", "ch": "d0", "t0": 120, "conditional": 3}
            ]
        }
        ]    
}


