{
    "$schema": "http://json-schema.org/draft-04/schema#",
    "id": "http://www.qiskit.org/schemas/ibm_backend_simulator_qobj_schema.json",
    "description": "OpenQuantum quantum object data structure for running experiments. IBM Backend specific instructions for simulators. Must also validate against qobj_schema.json",
    "version": "1.0.0",
    "definitions": {        
        "openqasm_instructions": {
            "oneOf": [
                { 
                    "properties": {
                        "name": {
                            "enum": ["u3", "U", "id", "h", "s", "sdg", "t", "tdg", "x", "y", "z", "u1", 
                                "u0", "rx", "ry", "rz", "u2", "cx", "CX", "cy", "cz", "ch", "swap", 
                                "cu1", "crz", "rzz", "cu3", "ccx", "cswap", "snapshot", "reset", "barrier", "bfunc", "copy", "measure"]
                            }
                    }
                },
                {
                    "properties": {
                        "name": {
                            "enum": [
                                "wait",
                                "noise",
                                "save",
                                "load"
                            ]
                        }
                    },
                    "title": "Simulator specific instructions"
                } 
            ],            
            "required": [
                "name"
            ],
            "type": "object"
        },
        "qobjexp": {
            "description": "Quantum experiment",
            "properties": {
                "instructions": {
                    "description": "List of experiment instructions.",
                    "minItems": 1,
                    "type": "array"
                }
            },
            "required": [
                "instructions"
            ],
            "type": "object"
        },
        "qobj_qasm": {
            "properties": {
                "config": {
                    "description": "Configuration options that apply to all experiments in this qobj. For options that may be set on a per-experiment basis, these are the defaults. Use this space to set backend specific configuration requirements.",
                    "title": "Qobj-level configuration",
                    "type": "object"
                },
                "experiments": {
                    "description": "List of experiments to run",
                    "minItems": 1,
                    "type": "array"
                },
                "header": {                    
                    "description": "QObj metadata that does not affect how the experiments are run on the backend. Carried through to the result.",
                    "type": "object"
                }
            },
            "required": [
                "type",
                "experiments",
                "config",
                "header"
            ],
            "type": "object"
        }
    },
    "oneOf": [
        {
            "allOf": [
                {
                    "$ref": "#/definitions/qobj_qasm"
                },
                {
                    "properties": {
                        "experiments": {
                            "items": {
                                "allOf": [
                                    {
                                        "$ref": "#/definitions/qobjexp"
                                    },
                                    {
                                        "properties": {
                                            "instructions": {
                                                "items": {
                                                    "$ref": "#definitions/openqasm_instructions"
                                                }
                                            }
                                        }
                                    }
                                ]
                            }
                        },
                        "type": {
                            "enum": [
                                "QASM"
                            ]
                        }
                    }
                }
            ]
        },
        {
            "allOf": [
                {
                    "$ref": "#/definitions/qobj_qasm"
                },
                {
                    "properties": {"type": {"enum": ["PULSE"]}}
                }
            ]
        }
    ]
}
