{
    "backend_name": "quantumbackend1",
    "sample_name": "sample1",
    "backend_version": "1.1.1",
    "n_qubits": 3,
    "basis_gates": ["u1","u2","u3","cx"],
    "coupling_map": [[0,1,2]],
    "gates": [
        {"name": "u1",
         "parameters": ["lambda"],
         "coupling_map": [[0],[1],[2]],
         "qasm_def": "gate u1(lambda) q { U(0,0,lambda) q; }",
         "conditional": false},
        {"name": "u2",
         "parameters": ["phi","lambda"],
         "coupling_map": [[0],[1],[2]],
         "qasm_def": "gate u2(phi,lambda) q { U(pi/2,phi,lambda) q; }",
         "latency_map": [[1],[1],[1]]},
        {"name": "u3",
         "parameters": ["theta","phi","lambda"],
         "coupling_map": [[0],[1],[2]],
         "qasm_def": "u3(theta,phi,lambda) q { U(theta,phi,lambda) q; }",
         "latency_map": [[1],[1],[1]]},
        {"name": "cx",
         "parameters": [],
         "coupling_map": [[0,1],[1,2]],
         "qasm_def": "gate cx q1,q2 { CX q1,q2; }",
         "latency_map": [[1],[0]]}
         ],
    "local": false,
    "simulator": false,
    "conditional": true,
    "n_registers": 1,
    "register_map": [[1],[1],[1]],
    "credits_required": false,
    "open_pulse": false
}
