{
    "qubit_freq_est": [5.34221,5.24654,5.67543],
    "meas_freq_est": [6.87,7.1,7.4],
    "cmd_def": [
        {"name":"u1", "qubits": [0],
        "sequence" :[{"name": "fc", "phase": "P0",
        "t0": 0, "ch": "d0"}]},
        {"name": "u2", "qubits": [0],
        "sequence": [{"name": "fc", "phase": "P1",
        "t0": 0, "ch": "d0"},
        {"name": "fc", "phase": 1.5708, "t0": 0, "ch": "d0"},
        {"name": "pulse_0", "t0": 0, "ch": "d0"},
        {"name": "fc", "phase": -1.5708, "t0": 11, "ch": "d0"},
        {"name": "fc", "phase": "P0", "t0": 11, "ch": "d0"}]},
        {"name": "u3", "qubits": [0],
        "sequence": [{"name": "fc", "phase": "P2",
        "t0": 0, "ch": "d0"},
        {"name": "pulse_0", "t0": 0, "ch": "d0"},
        {"name": "fc", "phase": "P0", "t0": 11, "ch": "d0"},
        {"name": "fc", "phase": 3.14, "t0": 11, "ch": "d0"},
        {"name": "pulse_0", "t0": 11, "ch": "d0"},
        {"name": "fc", "phase": 3.14, "t0": 22, "ch": "d0"},
        {"name": "fc", "phase": "P1", "t0": 22, "ch": "d0"}]},
        {"name": "measure", "qubits": [0],
        "sequence": [{"name": "square_1",
        "t0": 0, "ch": "m0"},
        {"name": "acquire", "t0": 3, "duration": 10}]},
        {"name":"u1", "qubits": [1],
        "sequence" :[{"name": "fc", "phase": "P0",
        "t0": 0, "ch": "d0"}]},
        {"name": "u2", "qubits": [1],
        "sequence": [{"name": "fc", "phase": "P1",
        "t0": 0, "ch": "d0"},
        {"name": "fc", "phase": 1.5708, "t0": 0, "ch": "d0"},
        {"name": "pulse_0", "t0": 0, "ch": "d0"},
        {"name": "fc", "phase": -1.5708, "t0": 11, "ch": "d0"},
        {"name": "fc", "phase": "P0", "t0": 11, "ch": "d0"}]},
        {"name": "u3", "qubits": [1],
        "sequence": [{"name": "fc", "phase": "P2",
        "t0": 0, "ch": "d0"},
        {"name": "pulse_0", "t0": 0, "ch": "d0"},
        {"name": "fc", "phase": "P0", "t0": 11, "ch": "d0"},
        {"name": "fc", "phase": 3.14, "t0": 11, "ch": "d0"},
        {"name": "pulse_0", "t0": 11, "ch": "d0"},
        {"name": "fc", "phase": 3.14, "t0": 22, "ch": "d0"},
        {"name": "fc", "phase": "P1", "t0": 22, "ch": "d0"}]},
        {"name": "measure", "qubits": [1],
        "sequence": [{"name": "square_1",
        "t0": 0, "ch": "m0"},
        {"name": "acquire", "t0": 3, "duration": 10}]},
        {"name":"u1", "qubits": [2],
        "sequence" :[{"name": "fc", "phase": "P0",
        "t0": 0, "ch": "d0"}]},
        {"name": "u2", "qubits": [2],
        "sequence": [{"name": "fc", "phase": "P1",
        "t0": 0, "ch": "d0"},
        {"name": "fc", "phase": 1.5708, "t0": 0, "ch": "d0"},
        {"name": "pulse_0", "t0": 0, "ch": "d0"},
        {"name": "fc", "phase": -1.5708, "t0": 11, "ch": "d0"},
        {"name": "fc", "phase": "P0", "t0": 11, "ch": "d0"}]},
        {"name": "u3", "qubits": [2],
        "sequence": [{"name": "fc", "phase": "P2",
        "t0": 0, "ch": "d0"},
        {"name": "pulse_0", "t0": 0, "ch": "d0"},
        {"name": "fc", "phase": "P0", "t0": 11, "ch": "d0"},
        {"name": "fc", "phase": 3.14, "t0": 11, "ch": "d0"},
        {"name": "pulse_0", "t0": 11, "ch": "d0"},
        {"name": "fc", "phase": 3.14, "t0": 22, "ch": "d0"},
        {"name": "fc", "phase": "P1", "t0": 22, "ch": "d0"}]},
        {"name": "measure", "qubits": [2],
        "sequence": [{"name": "square_1",
        "t0": 0, "ch": "m0"},
        {"name": "acquire", "t0": 3, "duration": 10}]}
        ],
    "pulse_library": [
        {"name": "pulse_0", "samples": [[0.5,0],[1.0,0],[0.5,0]]},
        {"name": "square_1", "samples": [[0.5,0],[0.5,0],[0.5,0],[0.5,0],[0.5,0],[0.5,0]]}
        ],
    "meas_kernel": {"name": "boxcar", "params": []},
    "discriminator": {"name": "max_1Q_fidelity", "params": []},
    "buffer": 2
}