{
    "backend_name": "ibmqx2",
    "sample_name": "chip1",
    "backend_version": "1.1.11",
    "job_id": "XC1323XG2",
    "qobj_id": "Experiment1",
    "date": "2018-04-02 15:00:00Z",
    "status": "COMPLETED",
    "success": true,
    "header": {"description": "T1 Experiment with Cals"},
    "results": [
        {"header": {"exp_descrip": "Ground state calibration"},
        "shots": 1024,
        "status": "DONE",
        "success": true,
        "meas_return": "avg",
        "data": {
            "memory": [[1.5,0]]
        }
        },
        {"header": {"exp_descrip": "Excited state calibration"},
        "shots": 1024,
        "status": "DONE",
        "success": true,
        "meas_return": "avg",
        "data": {
            "memory": [[0,1.5]]
        }
        },
        {"header": {"exp_descrip": "T1", "t1_time": 0},
        "shots": 5,
        "status": "DONE",
        "success": true,
        "meas_return": "single",
        "data": {
            "memory": [[[0.1,1.6]],[[-0.2,1.4]],[[0.2,1.3]],[[-0.1,1.6]],[[0,1.5]]]
        }
        }         
    ]
}
