{
    "backend_name": "ibmqx2",
    "sample_name": "sample1",
    "backend_version": "1.1.1",
    "job_id": "XC1323XG2",
    "qobj_id": "Experiment1",
    "date": "2018-04-02 15:00:00Z",
    "status": "COMPLETED",
    "success": true,
    "header": {"description": "Bell state in ZZ and XY"},
    "results": [
        {
        "header": {
            "exp_descrip": "Bell state",
            "memory_slots": 2,
            "n_qubits": 2,
            "clbit_labels": [["c1", 0],["c1", 1]],
            "qubit_labels": [["q", 0],["q",1]]
            },
        "shots": 1024,
        "seed": 88,
        "status": "DONE",
        "success": true,
        "data": {
            "counts": {
                "0x0": 480, "0x3": 490, "0x1": 20, "0x2": 34
            },
            "memory": ["0x1", "0x3", "0x3", "0x0", "0x3", "0x3", "0x3", "0x3", "0x0", "0x3", "0x0", "0x0", "0x3", "0x0", "0x0", "0x0", "0x0", "0x1", "0x0", "0x3", "0x3", "0x3", "0x3", "0x3", "0x3", "0x3", "0x0", "0x3", "0x3", "0x3", "0x3", "0x3", "0x3", "0x0", "0x3", "0x0", "0x0", "0x3", "0x3", "0x3", "0x1", "0x3", "0x0", "0x3", "0x3", "0x3", "0x3", "0x3", "0x0", "0x3", "0x0", "0x0", "0x1", "0x0", "0x0", "0x3", "0x0", "0x0", "0x3", "0x3", "0x3", "0x3", "0x3", "0x3", "0x3", "0x0", "0x0", "0x3", "0x0", "0x3", "0x0", "0x3", "0x0", "0x3", "0x0", "0x0", "0x3", "0x0", "0x2", "0x3", "0x3", "0x0", "0x3", "0x3", "0x3", "0x0", "0x3", "0x0", "0x3", "0x3", "0x2", "0x0", "0x3", "0x0", "0x0", "0x0", "0x3", "0x3", "0x3", "0x0", "0x0", "0x3", "0x0", "0x3", "0x0", "0x3", "0x3", "0x3", "0x3", "0x3", "0x0", "0x0", "0x0", "0x3", "0x0", "0x3", "0x0", "0x0", "0x0", "0x3", "0x0", "0x3", "0x3", "0x3", "0x0", "0x3", "0x3", "0x3", "0x3", "0x0", "0x3", "0x3", "0x0", "0x0", "0x3", "0x3", "0x3", "0x3", "0x0", "0x0", "0x3", "0x0", "0x3", "0x0", "0x3", "0x3", "0x3", "0x3", "0x0", "0x3", "0x3", "0x3", "0x0", "0x0", "0x0", "0x0", "0x0", "0x3", "0x3", "0x3", "0x3", "0x0", "0x3", "0x3", "0x3", "0x0", "0x0", "0x2", "0x3", "0x0", "0x0", "0x0", "0x0", "0x3", "0x3", "0x3", "0x0", "0x0", "0x3", "0x0", "0x3", "0x0", "0x3", "0x3", "0x0", "0x3", "0x3", "0x0", "0x0", "0x0", "0x0", "0x3", "0x3", "0x0", "0x2", "0x3", "0x3", "0x1", "0x0", "0x0", "0x3", "0x0", "0x3", "0x3", "0x2", "0x0", "0x0", "0x0", "0x0", "0x0", "0x3", "0x0", "0x3", "0x3", "0x0", "0x0", "0x0", "0x0", "0x0", "0x3", "0x3", "0x0", "0x3", "0x3", "0x2", "0x0", "0x2", "0x0", "0x0", "0x0", "0x3", "0x3", "0x0", "0x3", "0x0", "0x3", "0x0", "0x3", "0x0", "0x0", "0x3", "0x3", "0x0", "0x1", "0x0", "0x3", "0x1", "0x0", "0x3", "0x3", "0x3", "0x1", "0x0", "0x0", "0x0", "0x0", "0x2", "0x0", "0x3", "0x0", "0x0", "0x0", "0x0", "0x2", "0x0", "0x0", "0x0", "0x3", "0x3", "0x0", "0x3", "0x3", "0x0", "0x3", "0x3", "0x3", "0x1", "0x0", "0x0", "0x3", "0x3", "0x3", "0x3", "0x0", "0x3", "0x0", "0x0", "0x0", "0x3", "0x3", "0x0", "0x3", "0x0", "0x3", "0x0", "0x3", "0x0", "0x3", "0x0", "0x3", "0x0", "0x3", "0x3", "0x3", "0x0", "0x3", "0x3", "0x3", "0x3", "0x3", "0x3", "0x3", "0x3", "0x3", "0x0", "0x3", "0x0", "0x0", "0x3", "0x2", "0x0", "0x0", "0x0", "0x0", "0x0", "0x0", "0x3", "0x0", "0x0", "0x0", "0x3", "0x2", "0x0", "0x0", "0x3", "0x0", "0x0", "0x3", "0x0", "0x0", "0x0", "0x0", "0x0", "0x0", "0x3", "0x3", "0x0", "0x3", "0x3", "0x2", "0x0", "0x2", "0x3", "0x0", "0x0", "0x0", "0x3", "0x0", "0x3", "0x3", "0x3", "0x0", "0x0", "0x0", "0x3", "0x3", "0x3", "0x3", "0x3", "0x3", "0x0", "0x3", "0x0", "0x0", "0x3", "0x0", "0x1", "0x3", "0x0", "0x3", "0x3", "0x3", "0x3", "0x3", "0x0", "0x3", "0x0", "0x3", "0x0", "0x0", "0x3", "0x0", "0x3", "0x3", "0x0", "0x0", "0x1", "0x3", "0x0", "0x3", "0x0", "0x3", "0x0", "0x3", "0x0", "0x0", "0x3", "0x0", "0x3", "0x3", "0x0", "0x0", "0x3", "0x0", "0x3", "0x3", "0x3", "0x3", "0x3", "0x0", "0x3", "0x0", "0x3", "0x0", "0x3", "0x0", "0x0", "0x0", "0x3", "0x3", "0x0", "0x3", "0x2", "0x0", "0x0", "0x0", "0x3", "0x3", "0x0", "0x0", "0x0", "0x3", "0x3", "0x0", "0x3", "0x0", "0x2", "0x0", "0x0", "0x3", "0x0", "0x3", "0x0", "0x0", "0x0", "0x0", "0x0", "0x3", "0x0", "0x3", "0x3", "0x3", "0x3", "0x0", "0x3", "0x3", "0x0", "0x3", "0x3", "0x3", "0x1", "0x0", "0x0", "0x3", "0x0", "0x0", "0x3", "0x0", "0x0", "0x0", "0x0", "0x0", "0x0", "0x0", "0x0", "0x0", "0x1", "0x0", "0x3", "0x0", "0x1", "0x3", "0x0", "0x3", "0x0", "0x3", "0x3", "0x3", "0x3", "0x0", "0x0", "0x3", "0x3", "0x3", "0x3", "0x0", "0x3", "0x0", "0x0", "0x0", "0x0", "0x0", "0x3", "0x0", "0x3", "0x0", "0x3", "0x0", "0x0", "0x0", "0x2", "0x3", "0x0", "0x0", "0x0", "0x2", "0x3", "0x3", "0x0", "0x0", "0x0", "0x3", "0x0", "0x0", "0x3", "0x0", "0x3", "0x3", "0x0", "0x0", "0x0", "0x3", "0x3", "0x3", "0x0", "0x0", "0x3", "0x0", "0x3", "0x3", "0x3", "0x0", "0x3", "0x3", "0x0", "0x0", "0x2", "0x3", "0x3", "0x3", "0x3", "0x3", "0x3", "0x0", "0x3", "0x0", "0x0", "0x0", "0x3", "0x3", "0x0", "0x3", "0x3", "0x3", "0x0", "0x3", "0x0", "0x0", "0x3", "0x3", "0x0", "0x0", "0x3", "0x0", "0x0", "0x3", "0x0", "0x0", "0x2", "0x3", "0x3", "0x0", "0x0", "0x0", "0x3", "0x0", "0x0", "0x2", "0x0", "0x3", "0x0", "0x3", "0x3", "0x0", "0x3", "0x0", "0x0", "0x0", "0x3", "0x0", "0x0", "0x0", "0x3", "0x0", "0x3", "0x3", "0x0", "0x0", "0x3", "0x0", "0x3", "0x3", "0x3", "0x0", "0x3", "0x0", "0x3", "0x3", "0x3", "0x0", "0x3", "0x3", "0x3", "0x0", "0x3", "0x3", "0x3", "0x0", "0x3", "0x0", "0x3", "0x0", "0x3", "0x3", "0x0", "0x3", "0x0", "0x0", "0x3", "0x0", "0x0", "0x0", "0x0", "0x3", "0x0", "0x0", "0x3", "0x0", "0x3", "0x0", "0x0", "0x3", "0x0", "0x3", "0x0", "0x0", "0x0", "0x3", "0x3", "0x3", "0x3", "0x3", "0x3", "0x0", "0x0", "0x0", "0x0", "0x3", "0x3", "0x0", "0x0", "0x0", "0x0", "0x3", "0x0", "0x3", "0x3", "0x3", "0x0", "0x3", "0x0", "0x0", "0x3", "0x0", "0x0", "0x0", "0x0", "0x2", "0x3", "0x3", "0x0", "0x0", "0x0", "0x0", "0x1", "0x3", "0x3", "0x3", "0x3", "0x3", "0x0", "0x3", "0x0", "0x3", "0x0", "0x3", "0x0", "0x0", "0x3", "0x3", "0x2", "0x0", "0x0", "0x3", "0x0", "0x0", "0x1", "0x0", "0x0", "0x0", "0x0", "0x0", "0x3", "0x3", "0x3", "0x0", "0x0", "0x0", "0x0", "0x0", "0x0", "0x3", "0x3", "0x3", "0x2", "0x0", "0x3", "0x3", "0x3", "0x0", "0x0", "0x3", "0x3", "0x3", "0x3", "0x3", "0x3", "0x0", "0x3", "0x0", "0x0", "0x3", "0x0", "0x3", "0x0", "0x3", "0x2", "0x3", "0x0", "0x0", "0x3", "0x0", "0x3", "0x3", "0x0", "0x0", "0x3", "0x3", "0x3", "0x3", "0x3", "0x3", "0x0", "0x0", "0x0", "0x3", "0x0", "0x0", "0x3", "0x3", "0x3", "0x0", "0x0", "0x3", "0x3", "0x3", "0x0", "0x0", "0x3", "0x0", "0x2", "0x0", "0x0", "0x3", "0x3", "0x0", "0x3", "0x3", "0x3", "0x3", "0x0", "0x3", "0x0", "0x3", "0x0", "0x2", "0x0", "0x0", "0x3", "0x0", "0x3", "0x0", "0x0", "0x1", "0x3", "0x0", "0x3", "0x0", "0x3", "0x3", "0x3", "0x3", "0x3", "0x0", "0x0", "0x0", "0x2", "0x3", "0x3", "0x3", "0x0", "0x0", "0x3", "0x0", "0x3", "0x3", "0x0", "0x0", "0x0", "0x0", "0x0", "0x3", "0x3", "0x0", "0x0", "0x0", "0x3", "0x3", "0x3", "0x3", "0x0", "0x0", "0x3", "0x3", "0x0", "0x3", "0x3", "0x0", "0x0", "0x3", "0x3", "0x3", "0x3", "0x0", "0x0", "0x0", "0x3", "0x3", "0x0", "0x3", "0x0", "0x3", "0x0", "0x0", "0x2", "0x0", "0x0", "0x3", "0x3", "0x0", "0x0", "0x0", "0x0", "0x3", "0x3", "0x3", "0x3", "0x3", "0x0", "0x3", "0x3", "0x3", "0x3", "0x3", "0x3", "0x0", "0x0", "0x3", "0x3", "0x3", "0x2", "0x3", "0x2", "0x0", "0x3", "0x3", "0x0", "0x0", "0x0", "0x3", "0x3", "0x1", "0x3", "0x3", "0x0", "0x3", "0x3", "0x0", "0x3", "0x2", "0x3", "0x1", "0x0", "0x3", "0x3", "0x3", "0x0", "0x2", "0x0", "0x0", "0x3", "0x0", "0x0", "0x3", "0x0", "0x3", "0x0", "0x3", "0x0", "0x3", "0x3", "0x3", "0x0", "0x0", "0x2", "0x3", "0x1", "0x3", "0x0", "0x3", "0x3", "0x0", "0x3", "0x0", "0x0", "0x0", "0x3", "0x0", "0x2", "0x3", "0x0", "0x0", "0x0", "0x0", "0x3", "0x3", "0x0", "0x0", "0x0", "0x0", "0x3", "0x0", "0x0", "0x0", "0x3", "0x3", "0x0", "0x3", "0x3", "0x0", "0x3", "0x3", "0x0", "0x0", "0x3", "0x3", "0x0", "0x0", "0x0", "0x0", "0x0", "0x3", "0x3", "0x0", "0x3", "0x0", "0x3", "0x3", "0x0", "0x3", "0x0", "0x0", "0x0", "0x3", "0x0", "0x3", "0x3", "0x3", "0x0", "0x0", "0x0", "0x0", "0x3", "0x0"]
        }
        },
        {
        "header": {
            "exp_descrip": "Bell state XY",
            "memory_slots": 2,
            "n_qubits": 2,
            "clbit_labels": [["c1", 0],["c1", 1]],
            "qubit_labels": [["q", 0],["q",1]]
        },
        "shots": 1024,
        "status": "DONE",
        "success": true,
        "data": {
            "counts": {
                "0x0": 29, "0x3": 15, "0x1": 510, "0x2": 470
            },
            "memory": ["0x1", "0x1", "0x2", "0x1", "0x2", "0x1", "0x2", "0x1", "0x2", "0x2", "0x2", "0x1", "0x2", "0x1", "0x1", "0x2", "0x1", "0x2", "0x2", "0x1", "0x1", "0x2", "0x3", "0x2", "0x2", "0x1", "0x3", "0x2", "0x1", "0x1", "0x1", "0x2", "0x1", "0x1", "0x2", "0x2", "0x2", "0x1", "0x2", "0x2", "0x1", "0x1", "0x1", "0x2", "0x2", "0x1", "0x1", "0x1", "0x1", "0x1", "0x1", "0x0", "0x1", "0x1", "0x2", "0x1", "0x1", "0x1", "0x2", "0x2", "0x2", "0x2", "0x1", "0x1", "0x1", "0x1", "0x2", "0x1", "0x0", "0x1", "0x1", "0x1", "0x1", "0x1", "0x1", "0x1", "0x2", "0x2", "0x1", "0x2", "0x2", "0x2", "0x2", "0x1", "0x1", "0x2", "0x1", "0x2", "0x1", "0x2", "0x1", "0x1", "0x2", "0x2", "0x2", "0x2", "0x2", "0x1", "0x1", "0x2", "0x1", "0x2", "0x1", "0x2", "0x0", "0x2", "0x2", "0x1", "0x1", "0x2", "0x1", "0x2", "0x2", "0x2", "0x1", "0x1", "0x1", "0x1", "0x2", "0x2", "0x2", "0x1", "0x2", "0x0", "0x2", "0x2", "0x1", "0x2", "0x1", "0x1", "0x2", "0x2", "0x2", "0x0", "0x1", "0x2", "0x2", "0x1", "0x3", "0x2", "0x2", "0x0", "0x1", "0x1", "0x2", "0x1", "0x1", "0x1", "0x2", "0x2", "0x2", "0x1", "0x1", "0x2", "0x2", "0x2", "0x2", "0x1", "0x2", "0x2", "0x2", "0x1", "0x1", "0x2", "0x1", "0x2", "0x2", "0x2", "0x1", "0x2", "0x1", "0x1", "0x1", "0x2", "0x1", "0x1", "0x1", "0x2", "0x1", "0x1", "0x2", "0x2", "0x1", "0x1", "0x1", "0x1", "0x2", "0x2", "0x1", "0x2", "0x1", "0x2", "0x1", "0x2", "0x1", "0x1", "0x2", "0x0", "0x2", "0x1", "0x1", "0x1", "0x2", "0x1", "0x2", "0x2", "0x2", "0x1", "0x2", "0x2", "0x1", "0x2", "0x2", "0x1", "0x1", "0x3", "0x2", "0x1", "0x1", "0x1", "0x2", "0x2", "0x1", "0x1", "0x1", "0x2", "0x0", "0x1", "0x1", "0x2", "0x1", "0x2", "0x1", "0x2", "0x1", "0x2", "0x2", "0x3", "0x2", "0x0", "0x1", "0x1", "0x2", "0x1", "0x1", "0x1", "0x1", "0x1", "0x1", "0x1", "0x2", "0x1", "0x0", "0x3", "0x1", "0x0", "0x1", "0x1", "0x1", "0x1", "0x1", "0x1", "0x2", "0x2", "0x1", "0x2", "0x2", "0x2", "0x2", "0x2", "0x1", "0x1", "0x1", "0x1", "0x2", "0x1", "0x2", "0x2", "0x1", "0x1", "0x1", "0x1", "0x2", "0x2", "0x2", "0x2", "0x2", "0x2", "0x2", "0x1", "0x2", "0x1", "0x1", "0x1", "0x2", "0x1", "0x1", "0x1", "0x1", "0x2", "0x2", "0x1", "0x2", "0x1", "0x1", "0x1", "0x2", "0x2", "0x3", "0x1", "0x1", "0x0", "0x2", "0x1", "0x1", "0x1", "0x1", "0x2", "0x1", "0x2", "0x1", "0x2", "0x1", "0x1", "0x2", "0x1", "0x1", "0x1", "0x2", "0x0", "0x2", "0x2", "0x2", "0x1", "0x1", "0x1", "0x2", "0x1", "0x1", "0x1", "0x2", "0x2", "0x1", "0x2", "0x2", "0x1", "0x2", "0x1", "0x1", "0x2", "0x2", "0x1", "0x1", "0x1", "0x2", "0x2", "0x2", "0x2", "0x2", "0x1", "0x2", "0x1", "0x1", "0x3", "0x2", "0x2", "0x2", "0x2", "0x1", "0x1", "0x1", "0x2", "0x2", "0x2", "0x2", "0x2", "0x1", "0x1", "0x2", "0x2", "0x2", "0x1", "0x1", "0x1", "0x1", "0x2", "0x2", "0x2", "0x2", "0x2", "0x1", "0x1", "0x1", "0x1", "0x3", "0x1", "0x2", "0x2", "0x1", "0x2", "0x1", "0x1", "0x2", "0x2", "0x1", "0x2", "0x1", "0x0", "0x2", "0x2", "0x2", "0x2", "0x3", "0x2", "0x2", "0x1", "0x1", "0x1", "0x2", "0x2", "0x2", "0x1", "0x1", "0x1", "0x1", "0x2", "0x1", "0x2", "0x1", "0x2", "0x2", "0x2", "0x1", "0x2", "0x2", "0x2", "0x1", "0x1", "0x1", "0x2", "0x1", "0x1", "0x2", "0x2", "0x2", "0x1", "0x2", "0x1", "0x2", "0x2", "0x1", "0x2", "0x2", "0x1", "0x1", "0x2", "0x1", "0x2", "0x2", "0x2", "0x1", "0x1", "0x1", "0x1", "0x2", "0x0", "0x2", "0x2", "0x2", "0x2", "0x1", "0x2", "0x1", "0x2", "0x1", "0x2", "0x2", "0x2", "0x1", "0x2", "0x1", "0x1", "0x2", "0x3", "0x2", "0x1", "0x1", "0x2", "0x1", "0x1", "0x2", "0x2", "0x2", "0x0", "0x2", "0x2", "0x1", "0x1", "0x2", "0x2", "0x2", "0x2", "0x2", "0x2", "0x1", "0x1", "0x1", "0x1", "0x2", "0x1", "0x0", "0x1", "0x1", "0x2", "0x2", "0x2", "0x2", "0x1", "0x1", "0x2", "0x2", "0x2", "0x1", "0x2", "0x1", "0x2", "0x1", "0x1", "0x1", "0x2", "0x1", "0x2", "0x2", "0x3", "0x0", "0x1", "0x1", "0x1", "0x2", "0x2", "0x1", "0x1", "0x1", "0x2", "0x2", "0x1", "0x2", "0x1", "0x1", "0x2", "0x1", "0x2", "0x1", "0x2", "0x1", "0x2", "0x2", "0x2", "0x2", "0x1", "0x1", "0x1", "0x2", "0x1", "0x2", "0x1", "0x2", "0x2", "0x2", "0x1", "0x2", "0x2", "0x1", "0x2", "0x2", "0x1", "0x1", "0x1", "0x2", "0x1", "0x2", "0x2", "0x0", "0x1", "0x1", "0x1", "0x1", "0x1", "0x1", "0x2", "0x2", "0x1", "0x1", "0x2", "0x1", "0x2", "0x2", "0x2", "0x1", "0x2", "0x2", "0x2", "0x1", "0x1", "0x1", "0x1", "0x2", "0x1", "0x1", "0x2", "0x2", "0x1", "0x2", "0x2", "0x2", "0x1", "0x2", "0x2", "0x1", "0x1", "0x2", "0x1", "0x1", "0x2", "0x1", "0x2", "0x2", "0x1", "0x2", "0x1", "0x2", "0x1", "0x2", "0x2", "0x2", "0x2", "0x1", "0x1", "0x2", "0x2", "0x2", "0x2", "0x2", "0x2", "0x1", "0x2", "0x2", "0x1", "0x1", "0x2", "0x2", "0x1", "0x2", "0x2", "0x1", "0x1", "0x1", "0x3", "0x2", "0x2", "0x2", "0x1", "0x2", "0x2", "0x1", "0x1", "0x1", "0x2", "0x2", "0x1", "0x1", "0x1", "0x2", "0x1", "0x2", "0x1", "0x1", "0x2", "0x1", "0x1", "0x1", "0x2", "0x1", "0x1", "0x1", "0x2", "0x2", "0x2", "0x1", "0x1", "0x2", "0x2", "0x3", "0x2", "0x1", "0x1", "0x1", "0x1", "0x1", "0x0", "0x2", "0x2", "0x2", "0x2", "0x1", "0x1", "0x1", "0x2", "0x1", "0x1", "0x1", "0x2", "0x1", "0x1", "0x1", "0x2", "0x1", "0x2", "0x1", "0x1", "0x2", "0x2", "0x1", "0x1", "0x2", "0x1", "0x2", "0x0", "0x1", "0x0", "0x1", "0x2", "0x1", "0x1", "0x2", "0x1", "0x1", "0x2", "0x2", "0x2", "0x2", "0x1", "0x1", "0x1", "0x2", "0x1", "0x2", "0x1", "0x1", "0x1", "0x1", "0x1", "0x2", "0x2", "0x1", "0x2", "0x2", "0x2", "0x1", "0x1", "0x2", "0x1", "0x2", "0x3", "0x0", "0x1", "0x1", "0x2", "0x2", "0x1", "0x1", "0x1", "0x2", "0x1", "0x1", "0x1", "0x2", "0x2", "0x2", "0x1", "0x2", "0x1", "0x2", "0x2", "0x1", "0x2", "0x1", "0x1", "0x2", "0x1", "0x2", "0x1", "0x1", "0x1", "0x1", "0x2", "0x1", "0x1", "0x1", "0x1", "0x2", "0x2", "0x1", "0x2", "0x2", "0x1", "0x2", "0x0", "0x2", "0x2", "0x2", "0x1", "0x2", "0x1", "0x1", "0x2", "0x1", "0x1", "0x2", "0x1", "0x1", "0x2", "0x1", "0x1", "0x1", "0x1", "0x2", "0x1", "0x1", "0x1", "0x1", "0x2", "0x2", "0x1", "0x1", "0x1", "0x1", "0x2", "0x2", "0x1", "0x2", "0x1", "0x1", "0x2", "0x2", "0x2", "0x1", "0x1", "0x1", "0x1", "0x1", "0x1", "0x1", "0x1", "0x1", "0x2", "0x2", "0x2", "0x1", "0x1", "0x2", "0x2", "0x2", "0x1", "0x2", "0x1", "0x1", "0x2", "0x2", "0x0", "0x1", "0x1", "0x2", "0x1", "0x2", "0x1", "0x2", "0x1", "0x2", "0x2", "0x1", "0x1", "0x2", "0x1", "0x2", "0x2", "0x2", "0x2", "0x2", "0x2", "0x1", "0x2", "0x2", "0x1", "0x1", "0x0", "0x2", "0x2", "0x1", "0x2", "0x1", "0x1", "0x0", "0x2", "0x1", "0x2", "0x1", "0x1", "0x1", "0x1", "0x1", "0x2", "0x1", "0x2", "0x2", "0x2", "0x1", "0x2", "0x2", "0x1", "0x2", "0x1", "0x1", "0x1", "0x1", "0x1", "0x2", "0x1", "0x2", "0x2", "0x2", "0x2", "0x2", "0x1", "0x2", "0x1", "0x1", "0x2", "0x2", "0x1", "0x2", "0x2", "0x1", "0x2", "0x2", "0x1", "0x1", "0x2", "0x1", "0x1", "0x1", "0x1", "0x1", "0x2", "0x1", "0x2", "0x0", "0x2", "0x1", "0x2", "0x1", "0x2", "0x1", "0x1", "0x2", "0x2", "0x1", "0x2", "0x1", "0x2", "0x1", "0x2", "0x1", "0x1", "0x2", "0x1", "0x2", "0x1", "0x1", "0x1", "0x1", "0x2", "0x2", "0x1", "0x1", "0x1", "0x1", "0x2", "0x2", "0x1", "0x1", "0x2", "0x1", "0x1", "0x1", "0x2", "0x2", "0x2", "0x1", "0x1", "0x2", "0x1", "0x2", "0x1", "0x1", "0x2", "0x1", "0x2", "0x1", "0x1", "0x1", "0x2", "0x0", "0x2", "0x1", "0x1", "0x2", "0x2", "0x1", "0x1", "0x2", "0x1", "0x2", "0x1"]
        }
        }        
    ]
}
